{"cameraMode":{"drawMode":0,"name":"Shaded","section":"Shading Mode"},"sceneLighting":false,"audioPlay":false,"sceneViewState":{"m_AlwaysRefresh":false,"showFog":true,"showSkybox":false,"showFlares":true,"showImageEffects":true,"showParticleSystems":true,"showVisualEffectGraphs":true,"m_FxEnabled":true},"in2DMode":false,"pivot":{"x":-1.5892313718795777,"y":0.9732189178466797,"z":0.9151276350021362},"rotation":{"x":-0.028076037764549257,"y":0.5904760360717773,"z":-0.020564422011375428,"w":-0.8062952756881714},"size":3.63151216506958,"orthographic":false}